{
    "name": "Level 4",
    "objects":[
        {"type":"player", "position":[32,320]},
        {"type":"platform", "position":[0,448], "size": [640, 32]},
        {"type":"platform", "position":[0,0], "size": [32, 448]},
        {"type":"platform", "position":[0,0], "size": [608, 32]},
        {"type":"platform", "position":[608,0], "size": [32, 448]},
        {"type":"platform", "position":[32,352], "size": [32, 96]},
        {"type":"platform", "position":[64,352], "size": [16, 32]},
        {"type":"platform", "position":[32,256], "size": [224, 32]},
        {"type":"platform", "position":[192,384], "size": [16, 64]},
        {"type":"platform", "position":[288,64], "size": [32, 256]},
        {"type":"platform", "position":[192,128], "size": [32, 128]},
        {"type":"platform", "position":[448,160], "size": [32, 192]},
        {"type":"platform", "position":[480,416], "size": [32, 32]},
        {"type":"platform", "position":[480,224], "size": [32, 32]},
        {"type":"platform", "position":[480,176], "size": [128, 16]},
        {"type":"platform_fall", "position":[256,256], "size": [32, 32]},
        {"type":"platform_fall", "position":[64,64], "size": [32, 32]},
        {"type":"platform_fall", "position":[544,96], "size": [32, 32]},
        {"type":"glue", "position":[64,384], "size": [16, 64]},
        {"type":"glue", "position":[288,320], "size": [32, 128]},
        {"type":"glue", "position":[128,32], "size": [96, 16]},
        {"type":"damage", "position":[32,288], "size": [224, 16]},
        {"type":"damage", "position":[80,432], "size": [208, 16]},
        {"type":"damage", "position":[224,128], "size": [16, 128]},
        {"type":"damage", "position":[160,112], "size": [80, 16]},
        {"type":"damage", "position":[32,240], "size": [128, 16]},
        {"type":"damage", "position":[480,160], "size": [128, 16]},
        {"type":"damage", "position":[320,432], "size": [288, 16]},
        {"type":"goal", "position":[480,192]}
    ]
}