{
    "name": "Tutorial",
    "objects":[
        {"type":"player", "position":[64,416]},
        {"type":"platform", "position":[0,448], "size": [640, 32]},
        {"type":"platform", "position":[0,0], "size": [32, 448]},
        {"type":"platform", "position":[0,0], "size": [608, 32]},
        {"type":"platform", "position":[608,0], "size": [32, 448]},
        {"type":"platform", "position":[128,416], "size": [64, 32]},
        {"type":"platform", "position":[288,384], "size": [64, 64]},
        {"type":"platform", "position":[512,352], "size": [96, 96]},
        {"type":"platform", "position":[416,192], "size": [32, 32]},
        {"type":"platform", "position":[512,128], "size": [96, 32]},
        {"type":"damage", "position":[352,432], "size": [160, 16]},
        {"type":"text", "position":[32,256], "text": "Welcome to Nubium!\nYour objective is reach the goal.\nMove with A and D, jump with W\nor tap the white buttons.\nGood luck!"},
        {"type":"text", "position":[256,352], "text": "There are block that have additional effects,\nlike this red block.\nIf you touch it, you have to start again."},
        {"type":"text", "position":[320,48], "text": "When you complete the level\nclick the menu item to try another!"},
        {"type":"goal", "position":[544,96]}
    ]
}