{
    "name": "Level 3",
    "objects":[
        {"type":"player", "position":[224,416]},
        {"type":"platform", "position":[0,448], "size": [640, 32]},
        {"type":"platform", "position":[0,0], "size": [32, 448]},
        {"type":"platform", "position":[0,0], "size": [608, 32]},
        {"type":"platform", "position":[608,0], "size": [32, 448]},
        {"type":"platform", "position":[32,416], "size": [160, 32]},
        {"type":"platform", "position":[224,320], "size": [64, 32]},
        {"type":"platform", "position":[288,320], "size": [64, 128]},
        {"type":"platform", "position":[80,288], "size": [240, 32]},
        {"type":"platform", "position":[192,64], "size": [128, 224]},
        {"type":"platform", "position":[164,224], "size": [32, 16]},
        {"type":"platform", "position":[32,32], "size": [128, 96]},
        {"type":"platform", "position":[384,32], "size": [32, 128]},
        {"type":"platform", "position":[352,160], "size": [96, 32]},
        {"type":"platform", "position":[384,192], "size": [64, 96]},
        {"type":"platform", "position":[384,288], "size": [96, 96]},
        {"type":"platform", "position":[416,96], "size": [64, 64]},
        {"type":"glue", "position":[592,96], "size": [16, 64]},
        {"type":"damage", "position":[80,320], "size": [144, 16]},
        {"type":"damage", "position":[32,128], "size": [16, 288]},
        {"type":"damage", "position":[32,128], "size": [128, 16]},
        {"type":"damage", "position":[480,304], "size": [32, 16]},
        {"type":"damage", "position":[512,432], "size": [96, 16]},
        {"type":"damage", "position":[416,32], "size": [192, 16]},
        {"type":"goal", "position":[416,64]}
    ]
}