{
    "name": "Level 6",
    "objects":[
        {"type":"player", "position":[96,384]},
        {"type":"platform", "position":[0,448], "size": [640, 32]},
        {"type":"platform", "position":[0,0], "size": [32, 448]},
        {"type":"platform", "position":[0,0], "size": [608, 32]},
        {"type":"platform", "position":[608,0], "size": [32, 448]},
        {"type":"platform", "position":[96,416], "size": [64, 32]},
        {"type":"platform", "position":[128,320], "size": [32, 96]},
        {"type":"platform", "position":[288,320], "size": [32, 128]},
        {"type":"platform", "position":[128,128], "size": [32, 32]},
        {"type":"platform", "position":[320,32], "size": [32, 160]},
        {"type":"platform", "position":[352,160], "size": [32, 32]},
        {"type":"platform_fall", "position":[256,96], "size": [32, 32]},
        {"type":"platform_fall", "position":[384,288], "size": [32, 32]},
        {"type":"platform_fall", "position":[480,288], "size": [32, 32]},
        {"type":"platform_fall", "position":[512,160], "size": [32, 32]},
        {"type":"glue", "position":[32,160], "size": [16, 64]},
        {"type":"glue", "position":[32,96], "size": [16, 32]},
        {"type":"extrajump", "position":[160,416], "size": [32, 32]},
        {"type":"damage", "position":[32,432], "size": [64, 16]},
        {"type":"damage", "position":[32,224], "size": [16, 224]},
        {"type":"damage", "position":[32,224], "size": [64, 16]},
        {"type":"damage", "position":[96,304], "size": [96, 16]},
        {"type":"damage", "position":[224,224], "size": [64, 16]},
        {"type":"damage", "position":[128,160], "size": [32, 8]},
        {"type":"damage", "position":[192,432], "size": [96, 16]},
        {"type":"damage", "position":[32,128], "size": [16, 32]},
        {"type":"damage", "position":[32,32], "size": [16, 64]},
        {"type":"damage", "position":[320,432], "size": [288, 16]},
        {"type":"damage", "position":[288,192], "size": [192, 16]},
        {"type":"goal", "position":[352,128]}
    ]
}